[
    {
        "id": 1002,
        "name": "Ant-Man",
        "releaseDate": "17/07/2015",
        "wikipediaLink": "Ant-Man_(film)",
        "fileName": "Ant-Man_(film).jpg",
        "img": "./assets/params/images/movies/Ant-Man_(film).jpg",
        "show": null,
        "movie": null
    },
    {
        "id": 1010,
        "name": "Ant-Man and the Wasp",
        "releaseDate": "06/07/2018",
        "wikipediaLink": "Ant-Man_and_the_Wasp",
        "fileName": "Ant-Man_and_the_Wasp.jpg",
        "img": "./assets/params/images/movies/Ant-Man_and_the_Wasp.jpg",
        "show": null,
        "movie": null
    },
    {
        "id": 1001,
        "name": "Avengers: Age of Ultron",
        "releaseDate": "01/05/2015",
        "wikipediaLink": "Avengers_Age_of_Ultron",
        "fileName": "Avengers_Age_of_Ultron.jpg",
        "img": "./assets/params/images/movies/Avengers_Age_of_Ultron.jpg",
        "show": null,
        "movie": null
    },
    {
        "id": 1012,
        "name": "Avengers: Endgame",
        "releaseDate": "26/04/2019",
        "wikipediaLink": "Avengers_Endgame",
        "fileName": "Avengers_Endgame.jpg",
        "img": "./assets/params/images/movies/Avengers_Endgame.jpg",
        "show": null,
        "movie": null
    },
    {
        "id": 1009,
        "name": "Avengers: Infinity War",
        "releaseDate": "27/04/2018",
        "wikipediaLink": "Black_Panther_(film)",
        "fileName": "Black_Panther_(film).jpg",
        "img": "./assets/params/images/movies/Black_Panther_(film).jpg",
        "show": null,
        "movie": null
    },
    {
        "id": 1008,
        "name": "Black Panther",
        "releaseDate": "16/02/2018",
        "wikipediaLink": "Black_Panther_(film)",
        "fileName": "Black_Panther_(film).jpg",
        "img": "./assets/params/images/movies/Black_Panther_(film).jpg",
        "show": null,
        "movie": null
    },
    {
        "id": 1003,
        "name": "Captain America: Civil War",
        "releaseDate": "06/05/2016",
        "wikipediaLink": "Captain_America:_Civil_War",
        "fileName": "Captain_America_Civil_War.jpg",
        "img": "./assets/params/images/movies/Captain_America_Civil_War.jpg",
        "show": null,
        "movie": null
    },
    {
        "id": 1019,
        "name": "Captain America: The First Avenger",
        "releaseDate": "22/07/2011",
        "wikipediaLink": "Thor",
        "fileName": "Captain_America_The_First_Avenger.jpg",
        "img": "./assets/params/images/movies/Captain_America_The_First_Avenger.jpg",
        "show": null,
        "movie": null
    },
    {
        "id": 1021,
        "name": "Captain America: The Winter Soldier",
        "releaseDate": "04/04/2014",
        "wikipediaLink": "Captain_America:_The_Winter_Soldier",
        "fileName": "Captain_America_The_Winter_Soldier.jpg",
        "img": "./assets/params/images/movies/Captain_America_The_Winter_Soldier.jpg",
        "show": null,
        "movie": null
    },
    {
        "id": 1011,
        "name": "Captain Marvel",
        "releaseDate": "08/03/2019",
        "wikipediaLink": "Captain_Marvel_(film)",
        "fileName": "Captain_Marvel_(film).jpg",
        "img": "./assets/params/images/movies/Captain_Marvel_(film).jpg",
        "show": null,
        "movie": null
    },
    {
        "id": 1004,
        "name": "Doctor Strange",
        "releaseDate": "04/11/2016",
        "wikipediaLink": "Doctor_Strange_(2016_film)",
        "fileName": "Doctor_Strange_(2016_film).jpg",
        "img": "./assets/params/images/movies/Doctor_Strange_(2016_film).jpg",
        "show": null,
        "movie": null
    },
    {
        "id": 1020,
        "name": "Guardians of the Galaxy",
        "releaseDate": "01/08/2014",
        "wikipediaLink": "Guardians_of_the_Galaxy_(film)",
        "fileName": "Guardians_of_the_Galaxy_(film).jpg",
        "img": "./assets/params/images/movies/Guardians_of_the_Galaxy_(film).jpg",
        "show": null,
        "movie": null
    },
    {
        "id": 1005,
        "name": "Guardians of the Galaxy Vol. 2",
        "releaseDate": "05/05/2017",
        "wikipediaLink": "Guardians_of_the_Galaxy_Vol._2",
        "fileName": "Guardians_of_the_Galaxy_Vol._2.jpg",
        "img": "./assets/params/images/movies/Guardians_of_the_Galaxy_Vol._2.jpg",
        "show": null,
        "movie": null
    },
    {
        "id": 1018,
        "name": "Iron Man",
        "releaseDate": "02/05/2008",
        "wikipediaLink": "Iron_Man_(2008_film)",
        "fileName": "Iron_Man_(2008_film).jpg",
        "img": "./assets/params/images/movies/Iron_Man_(2008_film).jpg",
        "show": null,
        "movie": null
    },
    {
        "id": 1014,
        "name": "Iron Man 2",
        "releaseDate": "26/04/2010",
        "wikipediaLink": "Iron_Man_2",
        "fileName": "Iron_Man_2.jpg",
        "img": "./assets/params/images/movies/Iron_Man_2.jpg",
        "show": null,
        "movie": null
    },
    {
        "id": 1017,
        "name": "Iron Man 3",
        "releaseDate": "03/05/2013",
        "wikipediaLink": "Iron_Man_3",
        "fileName": "Iron_Man_3.jpg",
        "img": "./assets/params/images/movies/Iron_Man_3.jpg",
        "show": null,
        "movie": null
    },
    {
        "id": 1016,
        "name": "Marvel's The Avengers",
        "releaseDate": "04/05/2012",
        "wikipediaLink": "Thor",
        "fileName": "The_Avengers_(2012_film).jpg",
        "img": "./assets/params/images/movies/The_Avengers_(2012_film).jpg",
        "show": null,
        "movie": null
    },
    {
        "id": 1013,
        "name": "Spider-Man: Far From Home",
        "releaseDate": "02/07/2019",
        "wikipediaLink": "Spider-Man_Far_From_Home",
        "fileName": "Spider-Man_Far_From_Home.jpg",
        "img": "./assets/params/images/movies/Spider-Man_Far_From_Home.jpg",
        "show": null,
        "movie": null
    },
    {
        "id": 1006,
        "name": "Spider-Man: Homecoming",
        "releaseDate": "07/07/2017",
        "wikipediaLink": "Spider-Man_Homecoming",
        "fileName": "Spider-Man_Homecoming.jpg",
        "img": "./assets/params/images/movies/Spider-Man_Homecoming.jpg",
        "show": null,
        "movie": null
    },
    {
        "id": 1000,
        "name": "The Incredible Hulk",
        "releaseDate": "13/06/2008",
        "wikipediaLink": "The_Incredible_Hulk_(film)",
        "fileName": "The_Incredible_Hulk_(film).jpg",
        "img": "./assets/params/images/movies/The_Incredible_Hulk_(film).jpg",
        "show": null,
        "movie": null
    },
    {
        "id": 1015,
        "name": "Thor",
        "releaseDate": "06/05/2011",
        "wikipediaLink": "Thor",
        "fileName": "Thor_(film).jpg",
        "img": "./assets/params/images/movies/Thor_(film).jpg",
        "show": null,
        "movie": null
    },
    {
        "id": 1007,
        "name": "Thor: Ragnarok",
        "releaseDate": "03/11/2017",
        "wikipediaLink": "Thor_Ragnarok",
        "fileName": "Thor_Ragnarok.jpg",
        "img": "./assets/params/images/movies/Thor_Ragnarok.jpg",
        "show": null,
        "movie": null
    },
    {
        "id": 1022,
        "name": "Thor: The Dark World",
        "releaseDate": "22/10/2013",
        "wikipediaLink": "Thor:_The_Dark_World",
        "fileName": "Thor_The_Dark_World.jpg",
        "img": "./assets/params/images/movies/Thor_The_Dark_World.jpg",
        "show": null,
        "movie": null
    }
]