[
  {
    "name": "MOVIE",
    "fields": [
      {
        "name": "CODE",
        "domain": "DOM_LIB_SHORT",
        "defaultvalue": ""
      },
      {
        "name": "NAME",
        "domain": "DOM_LIB_LONG",
        "defaultvalue": ""
      },
      {
        "name": "ORIGINAL_NAME",
        "domain": "DOM_LIB_LONG",
        "defaultvalue": ""
      },
      {
        "name": "RELEASE_DATE",
        "domain": "DOM_DATE",
        "defaultvalue": ""
      },
      {
        "name": "IMDB_LINK",
        "domain": "DOM_LIB_LONG",
        "defaultvalue": ""
      },
      {
        "name": "WIKIPEDIA_LINK",
        "domain": "DOM_LIB_LONG",
        "defaultvalue": ""
      },
      {
        "name": "BOXOFFICEMOJO_LINK",
        "domain": "DOM_LIB_LONG",
        "defaultvalue": ""
      },
      {
        "name": "MOVIEINSIDER_LINK",
        "domain": "DOM_LIB_LONG",
        "defaultvalue": ""
      },
      {
        "name": "MOVIE",
        "domain": "DOM_BOOLEAN",
        "defaultvalue": false
      },
      {
        "name": "SHOW",
        "domain": "DOM_BOOLEAN",
        "defaultvalue": false
      },
      {
        "name": "BUDGET",
        "domain": "DOM_NUMERIC",
        "defaultvalue": ""
      },
      {
        "name": "DOMESTIC_TOTAL_GROSS",
        "domain": "DOM_NUMERIC",
        "defaultvalue": ""
      },
      {
        "name": "FOREIGN_TOTAL_GROSS",
        "domain": "DOM_NUMERIC",
        "defaultvalue": ""
      },
      {
        "name": "WORLWIDE_TOTAL_GROSS",
        "domain": "DOM_NUMERIC",
        "defaultvalue": ""
      },
			{
				"name": "FILE_NAME",
				"domain": "DOM_LIB_LONG",
				"defaultvalue": ""
			}
    ]
  }
]
